Model,Accuracy,F1_Macro
LogisticRegression,0.7877697841726619,0.5995626652109263
RandomForest,0.7266187050359713,0.4932179172020642
HistGB,0.7841726618705036,0.5783672644206161
LinearSVM,0.7535971223021583,0.5386018893442008
MLP,0.7733812949640287,0.5994609244871627
